{
    // Consulte https://go.microsoft.com//fwlink//?linkid=834763 para obtener más información sobre este archivo.
  "configurations": [
    {
      "name": "Debug - WIN",
      "generator": "Ninja",
      "configurationType": "Debug",
      "inheritEnvironments": [ "msvc_x64" ],
      "buildRoot": "${env.USERPROFILE}\\CMakeBuilds\\${workspaceHash}\\build\\${name}",
      "cmakeCommandArgs": "",
      "buildCommandArgs": "-v",
      "ctestCommandArgs": ""
    },
    {
      "name": "Release - WIN",
      "generator": "Ninja",
      "configurationType": "RelWithDebInfo",
      "inheritEnvironments": [ "msvc_x64" ],
      "buildRoot": "${env.USERPROFILE}\\CMakeBuilds\\${workspaceHash}\\build\\${name}",
      "cmakeCommandArgs": "",
      "buildCommandArgs": "-v",
      "ctestCommandArgs": ""
    },
    {
      "name": "Emscripten Winx64",
      "generator": "Ninja",
      "configurationType": "RelWithDebInfo",
      "inheritEnvironments": [ "msvc_x64" ],
      "buildRoot": "${workspaceRoot}\\build\\Release\\cmake\\${name}",
      "cmakeCommandArgs": "-DCMAKE_TOOLCHAIN_FILE=C:/emsdk/emscripten/1.37.21/cmake/Modules/Platform/Emscripten.cmake",
      "buildCommandArgs": "-v",
      "ctestCommandArgs": ""
    }
  ]
}