{"version":0.6,"uid":"@TREE-c4cecb-17f-18e3dd8-2","object_class":"Scene","external_repository":null,"extra":{"editor":{"selected_node":"@NODE-c4cecb-422-10f16e6-a"},"viewport_layout":{"mode":1,"viewports":[{"name":"perspective","viewport":[0,0,1,1],"render_settings":null,"editor_camera":{"object_class":"Camera","uid":"@CAMc4cecb-411-141defb-9","layers":255,"enabled":true,"type":1,"eye":[93.7081298828125,82.169921875,83.4675064086914],"center":[0,0,0],"up":[0,1,0],"near":0.1,"far":10000,"fov":45,"aspect":1,"orthographic":[-1,1,-1,1],"background_color":[0,0,0,1],"frustum_size":50,"viewport":[0,0,1,1],"render_to_texture":false,"frame":null,"show_frame":true,"clear_color":true,"clear_depth":true},"scene_camera":null}]}},"root":{"object_class":"SceneNode","name":"root","uid":"@NODE-c4cecb-422-10f16e6-a","layers":3,"flags":{"visible":true,"is_static":false,"selectable":true,"locked":false},"children":[{"object_class":"SceneNode","name":"primitive_1","uid":"@NODE-c4cecb-2bbf-1871896-10","layers":3,"flags":{"visible":true,"is_static":false,"selectable":true,"locked":false},"components":[["Transform",{"object_class":"Transform","uid":"@COMP-c4cecb-2bbf-150f679-11","position":[0,0,0],"rotation":[0,0,0,1],"scaling":[1,1,1]}],["GeometricPrimitive",{"enabled":true,"geometry":1,"size":10,"subdivisions":10,"primitive":-1,"point_size":0.1,"uid":"@COMP-c4cecb-2bbf-13cfd5b-12","object_class":"GeometricPrimitive"}]]}],"components":[["GlobalInfo",{"ambient_color":[0.20000000298023224,0.20000000298023224,0.20000000298023224],"irradiance_color":[1,1,1],"irradiance":null,"textures":{},"render_settings":null,"uid":"@COMP-c4cecb-422-1e08af5-b","object_class":"GlobalInfo"}],["Camera",{"object_class":"Camera","uid":"@COMP-c4cecb-422-10e0fd7-c","layers":3,"enabled":true,"type":1,"eye":[93.7081298828125,82.169921875,83.4675064086914],"center":[0,0,0],"up":[0,1,0],"near":0.1,"far":1000,"fov":45,"aspect":1,"orthographic":[-1,1,-1,1],"background_color":[0,0,0,1],"frustum_size":50,"viewport":[0,0,1,1],"render_to_texture":false,"frame":null,"show_frame":true,"clear_color":true,"clear_depth":true}],["Light",{"enabled":true,"illuminated_layers":255,"near":1,"far":500,"angle":45,"angle_end":60,"constant_diffuse":false,"use_specular":true,"att_start":0,"att_end":1000,"attenuation_type":2,"offset":0,"projective_texture":null,"use_target":false,"intensity":1,"frustum_size":50,"extra_texture":null,"type":1,"position":[100,100,100],"target":[0,0,0],"extra":[0,0,0,0],"up":[0,1,0],"color":[1,1,1],"spot_cone":true,"cast_shadows":false,"uid":"@COMP-c4cecb-422-1b12524-d","object_class":"Light"}],["Skybox",{"enabled":true,"texture":null,"material":null,"use_environment":true,"gamma":false,"intensity":1,"bake_to_cubemap":false,"uid":"@COMP-c4cecb-437-114cf7b-e","object_class":"Skybox"}]]},"layer_names":["main","secondary"],"global_scripts":[],"external_scripts":[],"preloaded_resources":{},"texture_atlas":null,"local_resources":{}}