{"uid":"@MAT--9092d3-47dab0-112d57f-4c","uvs_matrix":[1,0,0,0,1,0,0,0,1],"textures":{},"flags":{"alpha_test":false,"alpha_test_shadows":false,"two_sided":false,"flip_normals":false,"depth_test":true,"depth_write":true,"ignore_lights":false,"cast_shadows":true,"receive_shadows":true,"ignore_frustum":false},"color":[0.014700000174343586,0.014700000174343586,0.07000000029802322],"opacity":1,"queue":-1,"render_state":{"front_face":2305,"cull_face":true,"cull_face_mode":0,"depth_test":true,"depth_mask":true,"depth_func":513,"depth_range":[0,0],"blend":false,"blendFunc0":774,"blendFunc1":771,"colorMask0":true,"colorMask1":true,"colorMask2":true,"colorMask3":true,"stencil_test":false,"stencil_mask":255,"skip_blend":false,"skip_depth":false,"skip_stencil":false,"stencil_func_func":519,"stencil_func_ref":0,"stencil_func_mask":255,"stencil_op_sfail":7680,"stencil_op_dpfail":7680,"stencil_op_dppass":7680,"flags":0},"light_mode":1,"blend_mode":2,"diffuse":[1,1,1],"ambient":[0,0,0],"emissive":[0,0,0,0],"specular_on_top":true,"specular_on_alpha":false,"backlight_factor":0,"translucency":0,"reflection_factor":0,"reflection_fresnel":0,"reflection_specular":false,"velvet":[0,0,0],"velvet_exp":4.818181818181818,"velvet_additive":false,"normalmap_factor":0,"normalmap_tangent":true,"bumpmap_factor":1,"displacementmap_factor":0.1,"use_scene_ambient":true,"point_size":1,"extra":[0,0,0,1],"needsUpdate":true,"object_class":"StandardMaterial","detail_factor":2,"detail_scale":[10,10],"emissive_extra":0,"specular_factor":2,"specular_gloss":1,"renderShadowInstance":null,"material_class":"StandardMaterial"}